{
    "version": "1.0.0",
    "secrets": [
        {
            "name": "AGENT_DEV_VERCEL_PROJECT",
            "required": false,
            "description": "Vercel project ID for development environment",
            "sources": [
                ".env.agent.local",
                "GitHub Secrets"
            ]
        },
        {
            "name": "AGENT_PROD_VERCEL_PROJECT",
            "required": false,
            "description": "Vercel project ID for production environment",
            "sources": [
                ".env.agent.local",
                "GitHub Secrets"
            ]
        },
        {
            "name": "AGENT_TROUBLESHOOT_VERCEL_PROJECT",
            "required": false,
            "description": "Vercel project ID for troubleshooting environment",
            "sources": [
                ".env.agent.local",
                "GitHub Secrets"
            ]
        }
    ]
}

