{
  "files": {
    "config/env/secrets/linear_oauth_token.txt": "lin_oauth_dev_token_here",
    "config/env/secrets/linear_webhook_secret.txt": "linear_webhook_signing_secret_here",
    "config/env/secrets/github_pat.txt": "ghp_your_personal_access_token",
    "config/env/secrets/openai_api_key.txt": "sk-openai-placeholder",
    "config/env/secrets/anthropic_api_key.txt": "sk-ant-placeholder",
    "config/env/secrets/agent-access/the-shop/orchestrator-default.txt": "{\n  \"workspace\": \"the shop\",\n  \"agent_uuid\": \"agent-uuid-placeholder\",\n  \"api_key_uuid\": \"api-key-uuid-placeholder\",\n  \"secret\": \"agent-key-placeholder\"\n}"
  },
  "note": "Use these placeholders to pre-seed the secret .txt files (or run scripts/setup_secrets.sh / scripts/gradient_workspace_sync.py). Never commit the real files."
}
