{
  "version": "1.0.0",
  "secrets": [
    {
      "name": "SUPABASE_URL",
      "required": true,
      "description": "Supabase project URL",
      "sources": [".env.agent.local", "GitHub Secrets"]
    },
    {
      "name": "SUPABASE_ANON_KEY",
      "required": true,
      "description": "Supabase anonymous key",
      "sources": [".env.agent.local", "GitHub Secrets"]
    },
    {
      "name": "SUPABASE_SERVICE_ROLE_KEY",
      "required": false,
      "description": "Supabase service role key for privileged operations",
      "sources": ["config/env/.env", ".env.agent.local", "GitHub Secrets"]
    },
    {
      "name": "SUPABASE_TOKEN",
      "required": false,
      "description": "Supabase personal access token",
      "sources": ["config/env/.env", ".env.agent.local", "GitHub Secrets"]
    }
  ]
}
